{
	"assets": {
		"name": "assets",
		"contents": [
			{
				"name": "Loading",
				"contents": [
					{
						"id": 1,
						"name": "preload.png",
						"fullPath": "/Loading/preload.png",
						"key": "/loading.png",
						"width": 190,
						"height": 9,
						"frameWidth": 190,
						"frameHeight": 9,
						"frameMax": -1,
						"margin": 0,
						"spacing": 0,
						"anchorX": 0,
						"anchorY": 0,
						"fps": 10,
						"updated": 1406817915033,
						"atlas": ""
					},
					{
						"id": 2,
						"name": "loading.png",
						"fullPath": "/Loading/loading.png",
						"key": "/preload.png",
						"width": 190,
						"height": 9,
						"frameWidth": 190,
						"frameHeight": 9,
						"frameMax": -1,
						"margin": 0,
						"spacing": 0,
						"anchorX": 0,
						"anchorY": 0,
						"fps": 10,
						"updated": 1406817917030,
						"atlas": ""
					}
				],
				"count": 0,
				"id": 4,
				"fullPath": "/Loading",
				"isClosed": true
			},
			{
				"id": 5,
				"name": "IMG_26042013_185619.png",
				"fullPath": "/IMG_26042013_185619.png",
				"key": "/IMG_26042013_185619.png",
				"width": 384,
				"height": 162,
				"frameWidth": 384,
				"frameHeight": 162,
				"frameMax": -1,
				"margin": 0,
				"spacing": 0,
				"anchorX": 0,
				"anchorY": 0,
				"fps": 10,
				"updated": 1415957735996,
				"atlas": ""
			},
			{
				"id": 6,
				"name": "logo_v1.png",
				"fullPath": "/logo_v1.png",
				"key": "/logo_v1.png",
				"width": 400,
				"height": 501,
				"frameWidth": 400,
				"frameHeight": 501,
				"frameMax": -1,
				"margin": 0,
				"spacing": 0,
				"anchorX": 0,
				"anchorY": 0,
				"fps": 10,
				"updated": 1415958813001,
				"atlas": ""
			},
			{
				"id": 7,
				"name": "logo_v2.png",
				"fullPath": "/logo_v2.png",
				"key": "/logo_v2.png",
				"width": 400,
				"height": 501,
				"frameWidth": 400,
				"frameHeight": 501,
				"frameMax": -1,
				"margin": 0,
				"spacing": 0,
				"anchorX": 0.5,
				"anchorY": 0.5,
				"fps": 10,
				"updated": 1415958813003,
				"atlas": "",
				"physics": {
					"enable": 0
				},
				"userData": {}
			}
		],
		"count": 7
	},
	"objects": {
		"name": "objects",
		"contents": [
			{
				"id": "tmp1415962969805",
				"name": "logo",
				"x": 0,
				"y": 0,
				"type": 1,
				"angle": 0,
				"contents": [
					{
						"assetId": 7,
						"x": 576,
						"y": 383.99999999999994,
						"type": 0,
						"anchorX": 0.5,
						"anchorY": 0.5,
						"userData": {},
						"physics": {
							"enable": 0
						},
						"scaleX": 0.5100855787037037,
						"scaleY": 0.5100855787037037,
						"angle": 0,
						"alpha": 0.8339273148148149,
						"frame": 0,
						"isVisible": 1,
						"isLocked": 0,
						"id": "tmp1415962969806",
						"name": "logo_v2",
						"index": -1,
						"fullPath": "/logo/logo_v2",
						"movies": {
							"NewMovie": {
								"frames": [
									{
										"x": 576,
										"y": 383.99999999999994,
										"angle": 0,
										"anchorX": 0.5,
										"anchorY": 0.5,
										"scaleX": 0.5815752777777778,
										"scaleY": 0.5815752777777778,
										"alpha": 0.8581611111111112,
										"keyframe": 0
									},
									{
										"x": 576,
										"y": 384,
										"angle": 0,
										"anchorX": 0.5,
										"anchorY": 0.5,
										"scaleX": 0.41,
										"scaleY": 0.41000000000000003,
										"alpha": 0.8,
										"keyframe": 60
									},
									{
										"x": 576,
										"y": 512,
										"angle": 0,
										"anchorX": 0.5,
										"anchorY": 0.5,
										"scaleX": 1.6800000000000004,
										"scaleY": 1.6800000000000002,
										"alpha": 0.28,
										"keyframe": 90
									},
									{
										"x": 576,
										"y": 384,
										"angle": 0,
										"anchorX": 0.5,
										"anchorY": 0.5,
										"scaleX": 0.4,
										"scaleY": 0.4,
										"alpha": 1,
										"keyframe": 120
									},
									{
										"x": 575.9999999999998,
										"y": 383.99999999999994,
										"angle": 0,
										"anchorX": 0.5,
										"anchorY": 0.5,
										"scaleX": 0.99,
										"scaleY": 0.99,
										"alpha": 1,
										"keyframe": 180
									}
								],
								"info": {
									"fps": 60
								}
							}
						},
						"keyframe": 0,
						"width": 254.4,
						"height": 318.636,
						"assetKey": "/logo_v2.png"
					}
				],
				"isVisible": 1,
				"isLocked": 0,
				"isFixedToCamera": 0,
				"alpha": 1,
				"fullPath": "/logo",
				"physics": {
					"enable": 0
				},
				"userData": {},
				"movies": {
					"NewMovie": {
						"frames": [
							{
								"x": 0,
								"y": 0,
								"angle": 0,
								"alpha": 1,
								"keyframe": 0
							}
						],
						"info": {
							"fps": 60
						}
					}
				},
				"assetId": 7,
				"frame": 0,
				"keyframe": 0
			},
			{
				"assetId": 5,
				"x": 621.2,
				"y": 386.2222222222222,
				"type": 0,
				"anchorX": 0.5,
				"anchorY": 0.5,
				"userData": {},
				"physics": {
					"enable": 0
				},
				"scaleX": 1,
				"scaleY": 1,
				"angle": 0,
				"alpha": 1,
				"frame": 0,
				"isVisible": false,
				"isLocked": 0,
				"id": "tmp1415957623978",
				"name": "logo_old",
				"index": -1,
				"fullPath": "/logo_old",
				"width": 384,
				"height": 162,
				"movies": {
					"NewMovie": {
						"frames": [
							{
								"x": 621.2,
								"y": 386.2222222222222,
								"angle": 0,
								"anchorX": 0.5,
								"anchorY": 0.5,
								"scaleX": 1,
								"scaleY": 1,
								"alpha": 1,
								"keyframe": 0
							},
							{
								"x": 621.2,
								"y": 386.22222222222223,
								"angle": 0,
								"anchorX": 0.5,
								"anchorY": 0.5,
								"scaleX": 0.9064444444444444,
								"scaleY": 0.7080555555555555,
								"alpha": 0.1,
								"keyframe": 30
							},
							{
								"x": 621.2,
								"y": 386.22222222222223,
								"angle": 0,
								"anchorX": 0.5,
								"anchorY": 0.5,
								"scaleX": 0.9064444444444444,
								"scaleY": 0.7080555555555555,
								"alpha": 0.1,
								"keyframe": 60
							},
							{
								"x": 621.2,
								"y": 386.22222222222223,
								"angle": 0,
								"anchorX": 0.5,
								"anchorY": 0.5,
								"scaleX": 0.9064444444444444,
								"scaleY": 0.7080555555555555,
								"alpha": 1,
								"keyframe": 90
							},
							{
								"x": 1072.1333333333334,
								"y": 725.4222222222221,
								"angle": 0,
								"anchorX": 0.5,
								"anchorY": 0.5,
								"scaleX": 0.9264444444444445,
								"scaleY": 0.7330555555555555,
								"alpha": 1,
								"keyframe": 120
							},
							{
								"x": 608,
								"y": 416,
								"angle": 0,
								"anchorX": 0.5,
								"anchorY": 0.5,
								"scaleX": 1.7000000000000002,
								"scaleY": 1.7000000000000002,
								"alpha": 1,
								"keyframe": 180
							},
							{
								"x": 608,
								"y": 416,
								"angle": 0,
								"anchorX": 0.5,
								"anchorY": 0.5,
								"scaleX": 1.7000000000000002,
								"scaleY": 1.7000000000000002,
								"alpha": 1,
								"keyframe": 220
							}
						],
						"info": {
							"fps": 60
						}
					}
				},
				"keyframe": 0,
				"assetKey": "/IMG_26042013_185619.png"
			},
			{
				"id": "tmp1406818026618",
				"name": "Loading",
				"x": 0,
				"y": 0,
				"angle": 0,
				"contents": [
					{
						"assetId": 2,
						"x": 256,
						"y": 192,
						"type": 0,
						"anchorX": 0,
						"anchorY": 0,
						"scaleX": 1,
						"scaleY": 1,
						"angle": 0,
						"alpha": 1,
						"frame": 0,
						"isVisible": 1,
						"isLocked": 0,
						"width": 190,
						"height": 9,
						"id": "tmp1406818026617",
						"name": "loading",
						"fullPath": "/Loading/loading",
						"assetKey": "/preload.png"
					},
					{
						"assetId": 1,
						"x": 256,
						"y": 192,
						"type": 0,
						"anchorX": 0,
						"anchorY": 0,
						"scaleX": 1,
						"scaleY": 1,
						"angle": 0,
						"alpha": 1,
						"frame": 0,
						"isVisible": 1,
						"isLocked": 0,
						"width": 190,
						"height": 9,
						"id": "tmp1406818026616",
						"name": "preload",
						"fullPath": "/Loading/preload",
						"assetKey": "/loading.png"
					}
				],
				"isVisible": false,
				"isLocked": true,
				"isFixedToCamera": 0,
				"fullPath": "/Loading",
				"isClosed": true
			}
		],
		"count": 0
	},
	"map": {
		"cameraX": -359,
		"cameraY": -31,
		"worldWidth": 1280,
		"worldHeight": 720,
		"viewportWidth": 1280,
		"viewportHeight": 720,
		"gridX": 32,
		"gridY": 32,
		"gridOffsetX": 0,
		"gridOffsetY": 0,
		"showGrid": 1,
		"backgroundColor": "#060606",
		"physics": {
			"enable": 0
		}
	}
}